title,date,dateRecorded,duration,emoji,episode,episodeOverall,explicit,peopleGuest,peopleThanks,venuesRecordedAt,mp3,noIndex,published,podcastIds,podcastTag,season,seoDescription,seoImage,seoImageDescription,tags,type
I Know What You Did Last Summer (1997),2020-08-05T12:00:00-00:00,2020-07-14T19:21:00-00:00,56:44.995,üòµ,1,1,TRUE,,,1510b732b6b34ee29ddd1bb29080d922,https://cdn.jerandky.com/jerandky.com/podcasts/knockoffs/season-01/knockoffs--s01e01--i-know-what-you-did-last-summer.mp3,FALSE,TRUE,fff1042d34034210991e678c6820fe68,knockoffs,1,"Welcome to Knockoffs! In the premiere episode Alex and Kyle tackle ""I Know What You Did Last Summer"". They chat about physics, athletes, and what matters most: haircuts.",https://cdn.jerandky.com/jerandky.com/podcasts/knockoffs/season-01/_original/knockoffs--s01e00--cover-art--final.jpg,"Knockoffs starring Alex O‚ÄòBrien & Kyle Longsdorf (Artwork, Anna C. Reilly)",knockoffs,full
What Lies Beneath (2000),2020-08-12T12:00:00-00:00,2020-07-08T19:50:00-00:00,49:27.008,üòµ,2,2,TRUE,,,1510b732b6b34ee29ddd1bb29080d922,https://cdn.jerandky.com/jerandky.com/podcasts/knockoffs/season-01/knockoffs--s01e02--what-lies-beneath.mp3,FALSE,TRUE,fff1042d34034210991e678c6820fe68,knockoffs,1,"This week Alex and Kyle recap the world's longest movie ""What Lies Beneath"".  Join in as they decide which characters are unneccesary and try to keep up as there is a lot of ground to cover.",https://cdn.jerandky.com/jerandky.com/podcasts/knockoffs/season-01/_original/knockoffs--s01e00--cover-art--final.jpg,"Knockoffs starring Alex O‚ÄòBrien & Kyle Longsdorf (Artwork, Anna C. Reilly)",knockoffs,full
Disturbing Behavior (1998),2020-08-19T12:00:00-00:00,2020-07-08T19:50:00-00:00,46:05.296,üòµ,3,3,TRUE,,,1510b732b6b34ee29ddd1bb29080d922,https://cdn.jerandky.com/jerandky.com/podcasts/knockoffs/season-01/knockoffs--s01e03--disturbing-behavior.mp3,FALSE,TRUE,fff1042d34034210991e678c6820fe68,knockoffs,1,"Blink and you'll miss this tale of 90's good versus 90's evil.  ""Disturbing Behavior"" reminds Alex & Kyle to always trust a janitor who reads Vonnegut. ",https://cdn.jerandky.com/jerandky.com/podcasts/knockoffs/season-01/_original/knockoffs--s01e00--cover-art--final.jpg,"Knockoffs starring Alex O‚ÄòBrien & Kyle Longsdorf (Artwork, Anna C. Reilly)",knockoffs,full
Twilight (2008),2020-08-26T12:00:00-00:00,2020-07-21T19:20:00-00:00,45:32.387,üòµ,4,4,TRUE,,,1510b732b6b34ee29ddd1bb29080d922,https://cdn.jerandky.com/jerandky.com/podcasts/knockoffs/season-01/knockoffs--s01e04--twilight.mp3,FALSE,TRUE,fff1042d34034210991e678c6820fe68,knockoffs,1,Alex & Kyle are in a place called ‚ÄúForks‚Äù to discuss ‚ÄúTwilight‚Äù - Alex is having a blast and Kyle can't be bothered with it. At least they can agree on who the true villain is.,https://cdn.jerandky.com/jerandky.com/podcasts/knockoffs/season-01/_original/knockoffs--s01e00--cover-art--final.jpg,"Knockoffs starring Alex O‚ÄòBrien & Kyle Longsdorf (Artwork, Anna C. Reilly)",knockoffs,full
House on Haunted Hill (1999),2020-09-02T12:00:00-00:00,2020-06-23T20:38:00-00:00,49:20.901,üòµ,5,5,TRUE,,,1510b732b6b34ee29ddd1bb29080d922,https://cdn.jerandky.com/jerandky.com/podcasts/knockoffs/season-01/knockoffs--s01e05--house-on-haunted-hill.mp3,FALSE,TRUE,fff1042d34034210991e678c6820fe68,knockoffs,1,‚ÄúHouse on Haunted Hill‚Äù is a movie in 2 acts: An intro and then the same act over and over. Alex and Kyle are not pleased.,https://cdn.jerandky.com/jerandky.com/podcasts/knockoffs/season-01/_original/knockoffs--s01e00--cover-art--final.jpg,"Knockoffs starring Alex O‚ÄòBrien & Kyle Longsdorf (Artwork, Anna C. Reilly)",knockoffs,full
Buffy the Vampire Slayer (1992),2020-09-09T12:00:00-00:00,2020-08-11T19:35:00-00:00,38:38.413,üòµ,6,6,TRUE,,,1510b732b6b34ee29ddd1bb29080d922,https://cdn.jerandky.com/jerandky.com/podcasts/knockoffs/season-01/knockoffs--s01e06--buffy-the-vampire-slayer.mp3,FALSE,TRUE,fff1042d34034210991e678c6820fe68,knockoffs,1,In every generation there is a chosen one: A perfect Knockoff. ‚ÄúBuffy the Vampire Slayer‚Äù is that Knockoff.,https://cdn.jerandky.com/jerandky.com/podcasts/knockoffs/season-01/_original/knockoffs--s01e00--cover-art--final.jpg,"Knockoffs starring Alex O‚ÄòBrien & Kyle Longsdorf (Artwork, Anna C. Reilly)",knockoffs,full
Thir13en Ghosts (2001),2020-09-16T12:00:00-00:00,2020-07-21T20:16:00-00:00,48:03.864,üòµ,7,7,TRUE,,,1510b732b6b34ee29ddd1bb29080d922,https://cdn.jerandky.com/jerandky.com/podcasts/knockoffs/season-01/knockoffs--s01e07--thir13en-ghosts.mp3,FALSE,TRUE,fff1042d34034210991e678c6820fe68,knockoffs,1,Alex & Kyle do their best to explain a movie with little to no plot.  ,https://cdn.jerandky.com/jerandky.com/podcasts/knockoffs/season-01/_original/knockoffs--s01e00--cover-art--final.jpg,"Knockoffs starring Alex O‚ÄòBrien & Kyle Longsdorf (Artwork, Anna C. Reilly)",knockoffs,full
The Stepfather (2009),2020-09-23T12:00:00-00:00,2020-08-18T19:21:00-00:00,73:38.526,üòµ,8,8,TRUE,,,1510b732b6b34ee29ddd1bb29080d922,https://cdn.jerandky.com/jerandky.com/podcasts/knockoffs/season-01/knockoffs--s01e08--the-stepfather.mp3,FALSE,TRUE,fff1042d34034210991e678c6820fe68,knockoffs,1,This movie has Alex & Kyle on the edge of their seats! ‚ÄúThe Stepfather‚Äù (2009) got them good. Find out why they think The Stepdaddy is such a bad guy (spoiler: all of the murders.),https://cdn.jerandky.com/jerandky.com/podcasts/knockoffs/season-01/_original/knockoffs--s01e00--cover-art--final.jpg,"Knockoffs starring Alex O‚ÄòBrien & Kyle Longsdorf (Artwork, Anna C. Reilly)",knockoffs,full
Scream 2 (1997) Part 1 (f. Greg Gillotti),2020-09-30T12:00:00-00:00,2020-08-25T19:21:00-00:00,65:25.001,üòµ,9,9,TRUE,,,1510b732b6b34ee29ddd1bb29080d922,https://cdn.jerandky.com/jerandky.com/podcasts/knockoffs/season-01/knockoffs--s01e09--scream-2-part-1-(f.-greg-gillotti).mp3,FALSE,TRUE,fff1042d34034210991e678c6820fe68,knockoffs,1,Alex & Kyle welcome guest Greg Gillotti to discuss ‚ÄúScream 2‚Äù!  Kyle and Alex both feel strongly for this movie while Greg... Greg is a wildcard.,https://cdn.jerandky.com/jerandky.com/podcasts/knockoffs/season-01/_original/knockoffs--s01e00--cover-art--final.jpg,"Knockoffs starring Alex O‚ÄòBrien & Kyle Longsdorf (Artwork, Anna C. Reilly)",knockoffs,full
Scream 2 (1997) Part 2 (f. Greg Gillotti),2020-09-30T12:00:00-00:00,2020-08-25T19:21:00-00:00,59:58.001,üòµ,10,10,TRUE,,,1510b732b6b34ee29ddd1bb29080d922,https://cdn.jerandky.com/jerandky.com/podcasts/knockoffs/season-01/knockoffs--s01e10--scream-2-part-2-(f.-greg-gillotti).mp3,FALSE,TRUE,fff1042d34034210991e678c6820fe68,knockoffs,1,"Alex, Kyle & special guest Greg Gillotti continue to talk out of order about ‚ÄúScream 2‚Äù.  Very passionately.",https://cdn.jerandky.com/jerandky.com/podcasts/knockoffs/season-01/_original/knockoffs--s01e00--cover-art--final.jpg,"Knockoffs starring Alex O‚ÄòBrien & Kyle Longsdorf (Artwork, Anna C. Reilly)",knockoffs,full
A Nightmare On Elm Street (2010),2020-10-07T12:00:00-00:00,2020-06-02T19:14:00-00:00,47:29.001,üòµ,11,11,TRUE,,,1510b732b6b34ee29ddd1bb29080d922,https://cdn.jerandky.com/jerandky.com/podcasts/knockoffs/season-01/knockoffs--s01e11--a-nightmare-on-elm-street.mp3,FALSE,TRUE,fff1042d34034210991e678c6820fe68,knockoffs,1,"Welcome to Knocktober, baby! Alex & Kyle look back at their previous episodes - the high highs and the low lows. After that they present their first Knocktober serial killer: Freddy Krueger!! Sit back and enjoy this discussion of ‚ÄúA Nightmare on Elm Street‚Äù (2010) -- the pilot episode that until now has never seen the light of day!",https://cdn.jerandky.com/jerandky.com/podcasts/knockoffs/season-01/_original/knockoffs--s01e00--cover-art--final.jpg,"Knockoffs starring Alex O‚ÄòBrien & Kyle Longsdorf (Artwork, Anna C. Reilly)",knockoffs,full
Jason X (2001),2020-10-14T12:00:00-00:00,2020-09-08T19:25:00-00:00,47:29.001,üòµ,12,12,TRUE,,,1510b732b6b34ee29ddd1bb29080d922,https://cdn.jerandky.com/jerandky.com/podcasts/knockoffs/season-01/knockoffs--s01e12--jason-x.mp3,FALSE,TRUE,fff1042d34034210991e678c6820fe68,knockoffs,1,This is week 2 of Knocktober and it serves as a huge reminder of why Alex & Kyle do what they do! ‚ÄúJason X‚Äù might be one of the worst movies of all time but they watched it for you! ,https://cdn.jerandky.com/jerandky.com/podcasts/knockoffs/season-01/_original/knockoffs--s01e00--cover-art--final.jpg,"Knockoffs starring Alex O‚ÄòBrien & Kyle Longsdorf (Artwork, Anna C. Reilly)",knockoffs,full
Candyman (1992),2020-10-21T12:00:00-00:00,2020-09-29T19:40:00-00:00,54:48.001,üòµ,13,13,TRUE,,,1510b732b6b34ee29ddd1bb29080d922,https://cdn.jerandky.com/jerandky.com/podcasts/knockoffs/season-01/knockoffs--s01e13--candyman.mp3,FALSE,TRUE,fff1042d34034210991e678c6820fe68,knockoffs,1,You need to check out the title of this episode because Alex & Kyle can‚Äòt type it more than 5 times. This is the most scared they have ever been. Happy Knocktober... and please be safe with your mirror-games!,https://cdn.jerandky.com/jerandky.com/podcasts/knockoffs/season-01/_original/knockoffs--s01e00--cover-art--final.jpg,"Knockoffs starring Alex O‚ÄòBrien & Kyle Longsdorf (Artwork, Anna C. Reilly)",knockoffs,full
Halloween H20 (1998) Part 1 (f. Jerome Fitzgerald),2020-10-28T12:00:00-00:00,2020-10-13T19:40:00-00:00,56:49.441,üòµ,14,14,TRUE,,,1510b732b6b34ee29ddd1bb29080d922,https://cdn.jerandky.com/jerandky.com/podcasts/knockoffs/season-01/knockoffs--s01e14--halloween-h20-part-1-(f.-jerome-fitzgerald).mp3,FALSE,TRUE,fff1042d34034210991e678c6820fe68,knockoffs,1,"Knockoffs‚Äò producer Jerome Fitzgerald (AOJ, JFLE, SF Sketchfest) join Alex & Kyle on the Season 1 finale to discuss Halloween H20! Find out if they think Josh Hartnett is a good son or not and how they feel about SPIDERS!",https://cdn.jerandky.com/jerandky.com/podcasts/knockoffs/season-01/_original/knockoffs--s01e00--cover-art--final.jpg,"Knockoffs starring Alex O‚ÄòBrien & Kyle Longsdorf (Artwork, Anna C. Reilly)",knockoffs,full
Halloween H20 (1998) Part 2 (f. Jerome Fitzgerald),2020-10-28T12:00:00-00:00,2020-10-13T19:40:00-00:00,60:14.931,üòµ,15,15,TRUE,,,1510b732b6b34ee29ddd1bb29080d922,https://cdn.jerandky.com/jerandky.com/podcasts/knockoffs/season-01/knockoffs--s01e15--halloween-h20-part-2-(f.-jerome-fitzgerald).mp3,FALSE,TRUE,fff1042d34034210991e678c6820fe68,knockoffs,1,"Part 2 of the season finale is as off-the-rails as the second half of Halloween H20. Close out Knocktober Season 1 with a bang as Alex, Kyle, & Jerome give their final thoughts.",https://cdn.jerandky.com/jerandky.com/podcasts/knockoffs/season-01/_original/knockoffs--s01e00--cover-art--final.jpg,"Knockoffs starring Alex O‚ÄòBrien & Kyle Longsdorf (Artwork, Anna C. Reilly)",knockoffs,full
I Still Know What You Did Last Summer (1998),2020-11-11T12:00:00-00:00,2020-10-27T19:40:00-00:00,68:05.001,üòµ,1,16,TRUE,,,1510b732b6b34ee29ddd1bb29080d922,https://cdn.jerandky.com/jerandky.com/podcasts/knockoffs/season-02/knockoffs--s02e01--i-still-know-what-you-did-last-summer.mp3,FALSE,TRUE,fff1042d34034210991e678c6820fe68,knockoffs,2,We‚Äôre back friends! For the Season 2 premiere Alex & Kyle check back in with Julie James in ‚ÄúI Still Know What You Did Last Summer‚Äù! Does this sequel hold up to the original? Is it the least bit interesting? What is the capital of Brazil? The answers may surprise you!,https://cdn.jerandky.com/jerandky.com/podcasts/knockoffs/season-01/_original/knockoffs--s01e00--cover-art--final.jpg,"Knockoffs starring Alex O‚ÄòBrien & Kyle Longsdorf (Artwork, Anna C. Reilly)",knockoffs,full
Child‚Äôs Play (2019),2020-11-18T12:00:00-00:00,2020-11-10T19:40:00-00:00,73:48.001,üòµ,2,17,TRUE,,,1510b732b6b34ee29ddd1bb29080d922,https://cdn.jerandky.com/jerandky.com/podcasts/knockoffs/season-02/knockoffs--s02e02--childs-play-(2019).mp3,FALSE,TRUE,fff1042d34034210991e678c6820fe68,knockoffs,2,In this episode the exhausted hosts try to find any hint of heart in the 2019 reboot of ‚ÄúChild‚Äôs Play‚Äù. Not much more to say about that...,https://cdn.jerandky.com/jerandky.com/podcasts/knockoffs/season-01/_original/knockoffs--s01e00--cover-art--final.jpg,"Knockoffs starring Alex O‚ÄòBrien & Kyle Longsdorf (Artwork, Anna C. Reilly)",knockoffs,full
Vacancy (2007),2020-11-25T12:00:00-00:00,2020-11-10T19:40:00-00:00,64:34.931,üòµ,3,18,TRUE,,,1510b732b6b34ee29ddd1bb29080d922,https://cdn.jerandky.com/jerandky.com/podcasts/knockoffs/season-02/knockoffs--s02e03--vacancy.mp3,FALSE,TRUE,fff1042d34034210991e678c6820fe68,knockoffs,2,"What could be scarier than two hot people getting a divorce? Strangers with weapons! There is so much to unpack in this movie... but dont worry, Alex & Kyle will do it for you.",https://cdn.jerandky.com/jerandky.com/podcasts/knockoffs/season-01/_original/knockoffs--s01e00--cover-art--final.jpg,"Knockoffs starring Alex O‚ÄòBrien & Kyle Longsdorf (Artwork, Anna C. Reilly)",knockoffs,full
Eight Legged Freaks (2002),2020-12-02T12:00:00-00:00,2020-11-24T19:40:00-00:00,90:07.931,üòµ,4,19,TRUE,,,1510b732b6b34ee29ddd1bb29080d922,https://cdn.jerandky.com/jerandky.com/podcasts/knockoffs/season-02/knockoffs--s02e04--eight-legged-freaks.mp3,FALSE,TRUE,fff1042d34034210991e678c6820fe68,knockoffs,2,What should have been a light romp has left Alex & Kyle in a rage. Could this be the end of your friendly neighborhood Knockoffs?,https://cdn.jerandky.com/jerandky.com/podcasts/knockoffs/season-01/_original/knockoffs--s01e00--cover-art--final.jpg,"Knockoffs starring Alex O‚ÄòBrien & Kyle Longsdorf (Artwork, Anna C. Reilly)",knockoffs,full
Twilight New Moon (2009) Part 1 (f. Addi Twigg),2020-12-09T12:00:00-00:00,2020-12-01T08:00:00-00:00,53:27.931,üòµ,5,20,TRUE,,,1510b732b6b34ee29ddd1bb29080d922,https://cdn.jerandky.com/jerandky.com/podcasts/knockoffs/season-02/knockoffs--s02e05--twilight-new-moon-part-1-(f.-addi-twigg).mp3,FALSE,TRUE,fff1042d34034210991e678c6820fe68,knockoffs,2,Alex & Kyle are joined by Pittsburgh singer Addi Twigg to discuss Twilight: New Moon! Join these full grown adults as they talk about how hard it is to be a teen!,https://cdn.jerandky.com/jerandky.com/podcasts/knockoffs/season-01/_original/knockoffs--s01e00--cover-art--final.jpg,"Knockoffs starring Alex O‚ÄòBrien & Kyle Longsdorf (Artwork, Anna C. Reilly)",knockoffs,full
Twilight New Moon (2009) Part 2 (f. Addi Twigg),2020-12-09T12:00:00-00:00,2020-12-01T08:00:00-00:00,47:33.931,üòµ,6,21,TRUE,,,1510b732b6b34ee29ddd1bb29080d922,https://cdn.jerandky.com/jerandky.com/podcasts/knockoffs/season-02/knockoffs--s02e06--twilight-new-moon-part-2-(f.-addi-twigg).mp3,FALSE,TRUE,fff1042d34034210991e678c6820fe68,knockoffs,2,"Things get heated (in more ways than one) as Alex, Kyle, & Addi finish their discussion of Twilight: New Moon. Team Edward? Team Jacob? The answers will shock you!",https://cdn.jerandky.com/jerandky.com/podcasts/knockoffs/season-01/_original/knockoffs--s01e00--cover-art--final.jpg,"Knockoffs starring Alex O‚ÄòBrien & Kyle Longsdorf (Artwork, Anna C. Reilly)",knockoffs,full
The Good Son (1993),2020-12-16T12:00:00-00:00,2020-07-07T08:00:00-00:00,75:13.931,üòµ,7,22,TRUE,,,1510b732b6b34ee29ddd1bb29080d922,https://cdn.jerandky.com/jerandky.com/podcasts/knockoffs/season-02/knockoffs--s02e07--the-good-son.mp3,FALSE,TRUE,fff1042d34034210991e678c6820fe68,knockoffs,2,There is nothing good about ‚ÄúThe Good Son‚Äù - he‚Äôs a rotten little guy! Imagine that little jerk from ‚ÄúHome Alone‚Äù but somehow more homicidal and you've got this movie. You'll be on the edge of your seat... waiting for the movie to end.,https://cdn.jerandky.com/jerandky.com/podcasts/knockoffs/season-01/_original/knockoffs--s01e00--cover-art--final.jpg,"Knockoffs starring Alex O‚ÄòBrien & Kyle Longsdorf (Artwork, Anna C. Reilly)",knockoffs,full
Black Christmas (2006),2020-12-23T12:00:00-00:00,2020-12-15T19:40:00-00:00,64:22.931,üòµ,8,23,TRUE,,,1510b732b6b34ee29ddd1bb29080d922,https://cdn.jerandky.com/jerandky.com/podcasts/knockoffs/season-02/knockoffs--s02e08--black-christmas-(2006).mp3,FALSE,TRUE,fff1042d34034210991e678c6820fe68,knockoffs,2,Happy Holidays from Knockoffs! Alex & Kyle discuss what it truly means to be a good sister in this very dark and disgusting movie. (WARNING: Topics in this movie and podcast include violent crimes toward women and children.) (Please also note that we apologize for the sound quality of this episode - we were unaware at the time that our connection was bad - but our connection to the audience has never been stronger.),https://cdn.jerandky.com/jerandky.com/podcasts/knockoffs/season-01/_original/knockoffs--s01e00--cover-art--final.jpg,"Knockoffs starring Alex O‚ÄòBrien & Kyle Longsdorf (Artwork, Anna C. Reilly)",knockoffs,full
Gothika (2003),2021-01-13T12:00:00-00:00,2021-01-12T08:00:00-00:00,59:57.931,üòµ,9,24,TRUE,,,1510b732b6b34ee29ddd1bb29080d922,https://cdn.jerandky.com/jerandky.com/podcasts/knockoffs/season-02/knockoffs--s02e09--gothika.mp3,FALSE,TRUE,fff1042d34034210991e678c6820fe68,knockoffs,2,After a few weeks away Alex & Kyle start back up as if no time has passed at all. ‚ÄúGothika‚Äù may have bored them at times but they found a few redeeming qualities.,https://cdn.jerandky.com/jerandky.com/podcasts/knockoffs/season-01/_original/knockoffs--s01e00--cover-art--final.jpg,"Knockoffs starring Alex O‚ÄòBrien & Kyle Longsdorf (Artwork, Anna C. Reilly)",knockoffs,full
Urban Legend (1998),2021-01-20T12:00:00-00:00,2021-01-12T08:00:00-00:00,56:10.931,üòµ,10,25,TRUE,,,1510b732b6b34ee29ddd1bb29080d922,https://cdn.jerandky.com/jerandky.com/podcasts/knockoffs/season-02/knockoffs--s02e10--urban-legend.mp3,FALSE,TRUE,fff1042d34034210991e678c6820fe68,knockoffs,2,"Alex & Kyle watched ‚ÄúUrban Legend‚Äù - a movie where all of the human characters are true monsters. No one in this movie is a good person and there is no reason why these old, old college students would ever be friends.",https://cdn.jerandky.com/jerandky.com/podcasts/knockoffs/season-01/_original/knockoffs--s01e00--cover-art--final.jpg,"Knockoffs starring Alex O‚ÄòBrien & Kyle Longsdorf (Artwork, Anna C. Reilly)",knockoffs,full
The Grudge (2004),2021-01-27T12:01:00-00:00,2021-01-19T08:00:00-00:00,81:47.001,üòµ,11,26,TRUE,,,1510b732b6b34ee29ddd1bb29080d922,https://cdn.jerandky.com/jerandky.com/podcasts/knockoffs/season-02/knockoffs--s02e11--the-grudge.mp3,FALSE,TRUE,fff1042d34034210991e678c6820fe68,knockoffs,2,‚ÄúThe Grudge‚Äù is getting Knocked-Off this week. This movie poses three questions: 1. Is ‚Äògrudge‚Äô a noun or a verb? 2. What constitutes a ‚Äògrudge‚Äô? 3. Is this movie ‚Äòanti-woman‚Äô?,https://cdn.jerandky.com/jerandky.com/podcasts/knockoffs/season-01/_original/knockoffs--s01e00--cover-art--final.jpg,"Knockoffs starring Alex O‚ÄòBrien & Kyle Longsdorf (Artwork, Anna C. Reilly)",knockoffs,full
House at the End of the Street (2012),2020-02-03T12:01:00-00:00,2021-02-02T08:00:00-00:00,93:57.001,üòµ,12,27,TRUE,,,1510b732b6b34ee29ddd1bb29080d922,https://cdn.jerandky.com/jerandky.com/podcasts/knockoffs/season-02/knockoffs--s02e12--house-at-the-end-of-the-street-(2012).mp3,FALSE,TRUE,fff1042d34034210991e678c6820fe68,knockoffs,2,"It‚Äôs hard to care about anyone in this movie, but Alex & Kyle try anyway. In a world filled with killers, cucks, and creeps, the scariest thing may be all of the acoustic performances.",https://cdn.jerandky.com/jerandky.com/podcasts/knockoffs/season-01/_original/knockoffs--s01e00--cover-art--final.jpg,"Knockoffs starring Alex O‚ÄòBrien & Kyle Longsdorf (Artwork, Anna C. Reilly)",knockoffs,full
Psycho (1998),2020-12-30T12:01:00-00:00,2020-12-01T08:00:00-00:00,85:38.931,üòµ,13,28,TRUE,,,1510b732b6b34ee29ddd1bb29080d922,https://cdn.jerandky.com/jerandky.com/podcasts/knockoffs/season-02/knockoffs--s02e13--psycho-(1998).mp3,FALSE,TRUE,fff1042d34034210991e678c6820fe68,knockoffs,2,This week Alex & Kyle recap (a remake of) one of the scariest films of all time! How does it stack up against the original? Not well!,https://cdn.jerandky.com/jerandky.com/podcasts/knockoffs/season-01/_original/knockoffs--s01e00--cover-art--final.jpg,"Knockoffs starring Alex O‚ÄòBrien & Kyle Longsdorf (Artwork, Anna C. Reilly)",knockoffs,full
Fallen (1998) Part 1 (f. Regina Connolly),2021-02-17T12:02:00-00:00,2021-02-16T08:00:00-00:00,53:24.001,üòµ,14,29,TRUE,,,1510b732b6b34ee29ddd1bb29080d922,https://cdn.jerandky.com/jerandky.com/podcasts/knockoffs/season-02/knockoffs--s02e14--fallen-(1998)-part-1-(f.-regina-connolly).mp3,FALSE,TRUE,fff1042d34034210991e678c6820fe68,knockoffs,2,"Pittsburgh comedian and friend of the podcast Regina Connolly join Alex & Kyle to discuss the 1998 film ‚ÄúFallen.‚Äù This movie is your classic ‚Äúcops & demons‚Äù scenario, but don‚Äòt worry - the trio spend a good amount of time talking about other movies.",https://cdn.jerandky.com/jerandky.com/podcasts/knockoffs/season-01/_original/knockoffs--s01e00--cover-art--final.jpg,"Knockoffs starring Alex O‚ÄòBrien & Kyle Longsdorf (Artwork, Anna C. Reilly)",knockoffs,full
Fallen (1998) Part 2 (f. Regina Connolly),2021-02-24T12:02:00-00:00,2021-02-16T08:00:00-00:00,67:55.001,üòµ,15,30,TRUE,,,1510b732b6b34ee29ddd1bb29080d922,https://cdn.jerandky.com/jerandky.com/podcasts/knockoffs/season-02/knockoffs--s02e15--fallen-(1998)-part-2-(f.-regina-connolly).mp3,FALSE,TRUE,fff1042d34034210991e678c6820fe68,knockoffs,2,"Regina Connolly returns for the season 2 finale! The group touches on possession, cat-acting, and playing tag!",https://cdn.jerandky.com/jerandky.com/podcasts/knockoffs/season-01/_original/knockoffs--s01e00--cover-art--final.jpg,"Knockoffs starring Alex O‚ÄòBrien & Kyle Longsdorf (Artwork, Anna C. Reilly)",knockoffs,full
Season 3 Premiere,2021-03-03T12:00:00-00:00,2021-03-02T08:00:00-00:00,43:49.001,üòµ,1,31,TRUE,,,1510b732b6b34ee29ddd1bb29080d922,https://cdn.jerandky.com/jerandky.com/podcasts/knockoffs/season-03/knockoffs--s03e01--season-3-premiere.mp3,FALSE,TRUE,fff1042d34034210991e678c6820fe68,knockoffs,3,It‚Äôs the season premiere of Knockoffs and Alex & Kyle want to start off with a surprise! There is absolutely no chance that you have seen this movie so why not? This ‚Äúwithered and whiskered‚Äù movie is what every Knockoff wishes it could be.,https://cdn.jerandky.com/jerandky.com/podcasts/knockoffs/season-01/_original/knockoffs--s01e00--cover-art--final.jpg,"Knockoffs starring Alex O‚ÄòBrien & Kyle Longsdorf (Artwork, Anna C. Reilly)",knockoffs,full
The Amityville Horror (2005) Part 1,2021-03-10T12:00:00-00:00,2021-03-09T08:00:00-00:00,60:00.005,üòµ,2,32,TRUE,,,1510b732b6b34ee29ddd1bb29080d922,https://cdn.jerandky.com/jerandky.com/podcasts/knockoffs/season-03/knockoffs--s03e02--the-amityville-horror-(2005).mp3,FALSE,TRUE,fff1042d34034210991e678c6820fe68,knockoffs,3,They tried to rush through this one but Alex & Kyle couldn‚Äôt say enough. The 2005 remake of ‚ÄúThe Amityville Horror‚Äù is the most quotable Knockoff to date! ,https://cdn.jerandky.com/jerandky.com/podcasts/knockoffs/season-01/_original/knockoffs--s01e00--cover-art--final.jpg,"Knockoffs starring Alex O‚ÄòBrien & Kyle Longsdorf (Artwork, Anna C. Reilly)",knockoffs,full
The Amityville Horror (2005) Part 2,2021-03-17T12:00:00-00:00,2021-03-09T08:00:00-00:00,56:47.001,üòµ,3,33,TRUE,,,1510b732b6b34ee29ddd1bb29080d922,https://cdn.jerandky.com/jerandky.com/podcasts/knockoffs/season-03/knockoffs--s03e03--the-amityville-horror-(2005)-part-2.mp3,FALSE,TRUE,fff1042d34034210991e678c6820fe68,knockoffs,3,"Snide comments! Sweatpants! Roofs! Part 2 of ‚ÄúThe Amityville Horror‚Äù is action-packed! Go to the basement alone, wrap yourself in a blanket, and listen along as Alex & Kyle try to make it through. (Also, during this recording something truly horrifying happened in real-time - but you'll have to listen to find out what it was!)",https://cdn.jerandky.com/jerandky.com/podcasts/knockoffs/season-01/_original/knockoffs--s01e00--cover-art--final.jpg,"Knockoffs starring Alex O‚ÄòBrien & Kyle Longsdorf (Artwork, Anna C. Reilly)",knockoffs,full
The Faculty (1998),2021-03-24T12:00:00-00:00,2021-03-16T08:00:00-00:00,62:04.001,üòµ,4,34,TRUE,,,1510b732b6b34ee29ddd1bb29080d922,https://cdn.jerandky.com/jerandky.com/podcasts/knockoffs/season-03/knockoffs--s03e04--the-faculty-(1998).mp3,FALSE,TRUE,fff1042d34034210991e678c6820fe68,knockoffs,3,‚ÄúEveryone in this school is a maniac with an attitude problem.‚Äù Alex & Kyle watched ‚ÄúThe Faculty‚Äù and that about sums it up.,https://cdn.jerandky.com/jerandky.com/podcasts/knockoffs/season-01/_original/knockoffs--s01e00--cover-art--final.jpg,"Knockoffs starring Alex O‚ÄòBrien & Kyle Longsdorf (Artwork, Anna C. Reilly)",knockoffs,full
Sleepy Hollow (1999),2021-04-07T12:00:00-00:00,2021-02-23T08:00:00-00:00,55:27.001,üòµ,5,35,TRUE,,,1510b732b6b34ee29ddd1bb29080d922,https://cdn.jerandky.com/jerandky.com/podcasts/knockoffs/season-03/knockoffs--s03e05--sleepy-hollow-(1999).mp3,FALSE,TRUE,fff1042d34034210991e678c6820fe68,knockoffs,3,You‚Äôre going to want to sit down for this one or you just may pass out! ‚ÄúSleepy Hollow‚Äù has all the thrills and chills to keep an 8th grader up all night!,https://cdn.jerandky.com/jerandky.com/podcasts/knockoffs/season-01/_original/knockoffs--s01e00--cover-art--final.jpg,"Knockoffs starring Alex O‚ÄòBrien & Kyle Longsdorf (Artwork, Anna C. Reilly)",knockoffs,full
The Wicker Man (2006),2021-04-22T12:00:00-00:00,2021-04-20T08:00:00-00:00,81:21.211,üòµ,6,36,TRUE,,,1510b732b6b34ee29ddd1bb29080d922,https://cdn.jerandky.com/jerandky.com/podcasts/knockoffs/season-03/knockoffs--s03e06--the-wicker-man-(2006).mp3,FALSE,TRUE,fff1042d34034210991e678c6820fe68,knockoffs,3,"For the first time in Knockoffs history, the best scene in this movie ISN‚ÄôT IN THE MOVIE... Alex and Kyle navigate through their disappointment.",https://cdn.jerandky.com/jerandky.com/podcasts/knockoffs/season-01/_original/knockoffs--s01e00--cover-art--final.jpg,"Knockoffs starring Alex O‚ÄòBrien & Kyle Longsdorf (Artwork, Anna C. Reilly)",knockoffs,full
Mortal Kombat (2021),2021-04-29T12:00:00-00:00,2021-04-27T08:00:00-00:00,67:03.001,üòµ,7,37,TRUE,,,1510b732b6b34ee29ddd1bb29080d922,https://cdn.jerandky.com/jerandky.com/podcasts/knockoffs/season-03/knockoffs--s03e07--mortal-kombat-(2021).mp3,FALSE,TRUE,fff1042d34034210991e678c6820fe68,knockoffs,3,"Kyle selfishly made Alex watch a movie she knew nothing about. She was shocked, (not by Raiden), and it made for great conversation!",https://cdn.jerandky.com/jerandky.com/podcasts/knockoffs/season-01/_original/knockoffs--s01e00--cover-art--final.jpg,"Knockoffs starring Alex O‚ÄòBrien & Kyle Longsdorf (Artwork, Anna C. Reilly)",knockoffs,full
The Haunting (1999),2021-05-06T12:00:00-00:00,2021-05-04T08:00:00-00:00,53:07.931,üòµ,8,38,TRUE,,,1510b732b6b34ee29ddd1bb29080d922,https://cdn.jerandky.com/jerandky.com/podcasts/knockoffs/season-03/knockoffs--s03e08--the-haunting-(1999).mp3,FALSE,TRUE,fff1042d34034210991e678c6820fe68,knockoffs,3,A stellar cast in a less than stellar movie ‚Äì ‚ÄúThe Haunting‚Äù leaves so much to be desired. The biggest desire?  That Alex & Kyle would have watched something else.,https://cdn.jerandky.com/jerandky.com/podcasts/knockoffs/season-01/_original/knockoffs--s01e00--cover-art--final.jpg,"Knockoffs starring Alex O‚ÄòBrien & Kyle Longsdorf (Artwork, Anna C. Reilly)",knockoffs,full
Face Off (1997) Part 1 (f. Prolong the Magic),2021-05-13T12:00:00-00:00,2021-05-11T08:00:00-00:00,59:56.931,üòµ,9,39,TRUE,,,1510b732b6b34ee29ddd1bb29080d922,https://cdn.jerandky.com/jerandky.com/podcasts/knockoffs/season-03/knockoffs--s03e09--face-off-(1997)-part-1-(f.-prolong-the-magic).mp3,FALSE,TRUE,fff1042d34034210991e678c6820fe68,knockoffs,3,"This week Alex & Kyle are joined by Addi Twigg & Mike Rhodes from the podcast ‚ÄúProlong the Magic‚Äù! The foursome discuss one of the most WTF movies ever ‚Äì ‚ÄúFace/Off‚Äù.  This movie has everything: Unasked for stroking of faces, dancing priests, and sucking tongues ‚Äì all within the first 10 minutes!",https://cdn.jerandky.com/jerandky.com/podcasts/knockoffs/season-01/_original/knockoffs--s01e00--cover-art--final.jpg,"Knockoffs starring Alex O‚ÄòBrien & Kyle Longsdorf (Artwork, Anna C. Reilly)",knockoffs,full
Face Off (1997) Part 2 (f. Prolong the Magic),2021-06-24T12:07:00-00:00,2021-05-11T08:00:00-00:00,89:06.001,üòµ,10,40,TRUE,,,1510b732b6b34ee29ddd1bb29080d922,https://cdn.jerandky.com/jerandky.com/podcasts/knockoffs/season-03/knockoffs--s03e10--face-off-(1997)-part-2-(f.-prolong-the-magic).mp3,FALSE,TRUE,fff1042d34034210991e678c6820fe68,knockoffs,3,‚ÄúThe Lost‚Äù episode is finally here - ‚ÄúProlong the Magic‚Äù returns for the thrilling finale of our ‚ÄúFace/Off‚Äù series! ,https://cdn.jerandky.com/jerandky.com/podcasts/knockoffs/season-01/_original/knockoffs--s01e00--cover-art--final.jpg,"Knockoffs starring Alex O‚ÄòBrien & Kyle Longsdorf (Artwork, Anna C. Reilly)",knockoffs,full